ac_id,us_id,epic_id,squad,owner_role,estimate_points,phase_primary,phase_secondary,priority,moscow,release,requirement_type,nfr_metric,nfr_target,depends_on_epics,depends_on_us,depends_on_acs,test_layer_required,min_automated_tests,framework_tags,control_clause_ids,requirement_statement,objective,preconditions,verification_procedure,expected_result,edge_cases,suggested_tc_primary,suggested_tc_negative,automation_hints,architecture_refs
AC-DG-05-001-01,US-DG-05-001,EPIC-DG-05,policy,compliance_engineer,3,L7,L10/L11,P1,Should,MVP,Functional,,,,,,unit+integration,1,,,"Response lists `policy_id`, human title, `policy_version`, framework family (Architecture §28.3; registry §16.1).","Verify AC-DG-05-001-01: Response lists `policy_id`, human title, `policy_version`, framework family (Architecture §28.3; registry §16.1).",Tenant and scan fixtures exist; services healthy per test environment bootstrap.,"1. Arrange test data and configuration to match preconditions. | 2. Execute the operation or graph/API path under test. | 3. Assert post-conditions against DB rows, API responses, object store metadata, queue state, or traces.",Assertions pass; no secret material in logs; stable machine-readable error_code on failures; tenant isolation preserved for EPIC-DG-05.,Concurrent requests do not duplicate side effects; timeout/partial failures reach documented degraded or terminal states.,TC-DG-05-001-01,TC-DG-05-001-01.2,"pytest marker @pytest.mark.req(""AC-DG-05-001-01"") or Xray/TestRail key == AC-DG-05-001-01",Architecture §28.3; registry §16.1
AC-DG-05-001-02,US-DG-05-001,EPIC-DG-05,policy,compliance_engineer,3,L7,L10/L11,P1,Should,MVP,Functional,,,,,,unit+integration,1,,,Deprecated policies flagged but still listable for historical scans.,Verify AC-DG-05-001-02: Deprecated policies flagged but still listable for historical scans.,Tenant and scan fixtures exist; services healthy per test environment bootstrap.,"1. Arrange test data and configuration to match preconditions. | 2. Execute the operation or graph/API path under test. | 3. Assert post-conditions against DB rows, API responses, object store metadata, queue state, or traces.",Assertions pass; no secret material in logs; stable machine-readable error_code on failures; tenant isolation preserved for EPIC-DG-05.,Concurrent requests do not duplicate side effects; timeout/partial failures reach documented degraded or terminal states.,TC-DG-05-001-02,TC-DG-05-001-02.2,"pytest marker @pytest.mark.req(""AC-DG-05-001-02"") or Xray/TestRail key == AC-DG-05-001-02",Architecture_Design.md (see product spec)
AC-DG-05-002-01,US-DG-05-002,EPIC-DG-05,policy,compliance_engineer,5,L7,L10/L11,P1,Should,MVP,Functional,,,,,,unit+integration,1,,,Multipart upload accepted only for `admin` role (Architecture §28.3).,Verify AC-DG-05-002-01: Multipart upload accepted only for `admin` role (Architecture §28.3).,Tenant and scan fixtures exist; services healthy per test environment bootstrap.,"1. Arrange test data and configuration to match preconditions. | 2. Execute the operation or graph/API path under test. | 3. Assert post-conditions against DB rows, API responses, object store metadata, queue state, or traces.",Assertions pass; no secret material in logs; stable machine-readable error_code on failures; tenant isolation preserved for EPIC-DG-05.,Concurrent requests do not duplicate side effects; timeout/partial failures reach documented degraded or terminal states.,TC-DG-05-002-01,TC-DG-05-002-01.2,"pytest marker @pytest.mark.req(""AC-DG-05-002-01"") or Xray/TestRail key == AC-DG-05-002-01",Architecture §28.3
AC-DG-05-002-02,US-DG-05-002,EPIC-DG-05,policy,compliance_engineer,3,L7,L10/L11,P1,Should,MVP,Functional,,,,,,unit+integration,1,,,Successful parse returns `policy_id` + `policy_version` immutably stored.,Verify AC-DG-05-002-02: Successful parse returns `policy_id` + `policy_version` immutably stored.,Tenant and scan fixtures exist; services healthy per test environment bootstrap.,"1. Arrange test data and configuration to match preconditions. | 2. Execute the operation or graph/API path under test. | 3. Assert post-conditions against DB rows, API responses, object store metadata, queue state, or traces.",Assertions pass; no secret material in logs; stable machine-readable error_code on failures; tenant isolation preserved for EPIC-DG-05.,Concurrent requests do not duplicate side effects; timeout/partial failures reach documented degraded or terminal states.,TC-DG-05-002-02,TC-DG-05-002-02.2,"pytest marker @pytest.mark.req(""AC-DG-05-002-02"") or Xray/TestRail key == AC-DG-05-002-02",Architecture_Design.md (see product spec)
AC-DG-05-002-03,US-DG-05-002,EPIC-DG-05,policy,compliance_engineer,3,L7,L10/L11,P1,Should,MVP,Functional,,,,,,unit+integration,1,,,"Parsed controls include `control_id`, `framework`, `scope_tags`, `layer_relevance`, `test_procedures` (Architecture §16.2).","Verify AC-DG-05-002-03: Parsed controls include `control_id`, `framework`, `scope_tags`, `layer_relevance`, `test_procedures` (Architecture §16.2).",Tenant and scan fixtures exist; services healthy per test environment bootstrap.,"1. Arrange test data and configuration to match preconditions. | 2. Execute the operation or graph/API path under test. | 3. Assert post-conditions against DB rows, API responses, object store metadata, queue state, or traces.",Assertions pass; no secret material in logs; stable machine-readable error_code on failures; tenant isolation preserved for EPIC-DG-05.,Concurrent requests do not duplicate side effects; timeout/partial failures reach documented degraded or terminal states.,TC-DG-05-002-03,TC-DG-05-002-03.2,"pytest marker @pytest.mark.req(""AC-DG-05-002-03"") or Xray/TestRail key == AC-DG-05-002-03",Architecture §16.2
AC-DG-05-003-01,US-DG-05-003,EPIC-DG-05,policy,compliance_engineer,3,L7,L10/L11,P1,Should,MVP,Functional,,,,,,unit+integration,1,,,Redis policy parse cache key includes `policy_id` + `policy_version` TTL until version change (Architecture §9.4).,Verify AC-DG-05-003-01: Redis policy parse cache key includes `policy_id` + `policy_version` TTL until version change (Architecture §9.4).,Tenant and scan fixtures exist; services healthy per test environment bootstrap.,"1. Arrange test data and configuration to match preconditions. | 2. Execute the operation or graph/API path under test. | 3. Assert post-conditions against DB rows, API responses, object store metadata, queue state, or traces.",Assertions pass; no secret material in logs; stable machine-readable error_code on failures; tenant isolation preserved for EPIC-DG-05.,Concurrent requests do not duplicate side effects; timeout/partial failures reach documented degraded or terminal states.,TC-DG-05-003-01,TC-DG-05-003-01.2,"pytest marker @pytest.mark.req(""AC-DG-05-003-01"") or Xray/TestRail key == AC-DG-05-003-01",Architecture §9.4
AC-DG-05-003-02,US-DG-05-003,EPIC-DG-05,policy,compliance_engineer,3,L7,L10/L11,P1,Should,MVP,Functional,,,,,,unit+integration,1,,,Repo fingerprint / delta logic respects policy version changes (Architecture §23.1 Q7).,Verify AC-DG-05-003-02: Repo fingerprint / delta logic respects policy version changes (Architecture §23.1 Q7).,Tenant and scan fixtures exist; services healthy per test environment bootstrap.,"1. Arrange test data and configuration to match preconditions. | 2. Execute the operation or graph/API path under test. | 3. Assert post-conditions against DB rows, API responses, object store metadata, queue state, or traces.",Assertions pass; no secret material in logs; stable machine-readable error_code on failures; tenant isolation preserved for EPIC-DG-05.,Concurrent requests do not duplicate side effects; timeout/partial failures reach documented degraded or terminal states.,TC-DG-05-003-02,TC-DG-05-003-02.2,"pytest marker @pytest.mark.req(""AC-DG-05-003-02"") or Xray/TestRail key == AC-DG-05-003-02",Architecture §23.1 Q7
AC-DG-05-004-01,US-DG-05-004,EPIC-DG-05,policy,compliance_engineer,3,L7,L10/L11,P1,Should,MVP,Functional,,,,,,unit+integration,1,,,"For frameworks flagged as Chinese regulatory, `chinese_title` populated when source document provides it (Architecture §16.2; Business doc §15).","Verify AC-DG-05-004-01: For frameworks flagged as Chinese regulatory, `chinese_title` populated when source document provides it (Architecture §16.2; Business doc §15).",Tenant and scan fixtures exist; services healthy per test environment bootstrap.,"1. Arrange test data and configuration to match preconditions. | 2. Execute the operation or graph/API path under test. | 3. Assert post-conditions against DB rows, API responses, object store metadata, queue state, or traces.",Assertions pass; no secret material in logs; stable machine-readable error_code on failures; tenant isolation preserved for EPIC-DG-05.,Concurrent requests do not duplicate side effects; timeout/partial failures reach documented degraded or terminal states.,TC-DG-05-004-01,TC-DG-05-004-01.2,"pytest marker @pytest.mark.req(""AC-DG-05-004-01"") or Xray/TestRail key == AC-DG-05-004-01",Architecture §16.2; Business doc §15
AC-DG-05-005-01,US-DG-05-005,EPIC-DG-05,policy,compliance_engineer,3,L7,L10/L11,P1,Should,MVP,Functional,,,,,,unit+integration,1,,,Schema validates control list: required fields match `PolicyControl` subset before Tiresias enrichment pass (Architecture §16.2).,Verify AC-DG-05-005-01: Schema validates control list: required fields match `PolicyControl` subset before Tiresias enrichment pass (Architecture §16.2).,Tenant and scan fixtures exist; services healthy per test environment bootstrap.,"1. Arrange test data and configuration to match preconditions. | 2. Execute the operation or graph/API path under test. | 3. Assert post-conditions against DB rows, API responses, object store metadata, queue state, or traces.",Assertions pass; no secret material in logs; stable machine-readable error_code on failures; tenant isolation preserved for EPIC-DG-05.,Concurrent requests do not duplicate side effects; timeout/partial failures reach documented degraded or terminal states.,TC-DG-05-005-01,TC-DG-05-005-01.2,"pytest marker @pytest.mark.req(""AC-DG-05-005-01"") or Xray/TestRail key == AC-DG-05-005-01",Architecture §16.2
AC-DG-05-005-02,US-DG-05-005,EPIC-DG-05,policy,compliance_engineer,3,L7,L10/L11,P1,Should,MVP,Functional,,,EPIC-DG-02,,,unit+integration,1,,,Invalid file returns field-level validation errors (EPIC-DG-02 problem JSON).,Verify AC-DG-05-005-02: Invalid file returns field-level validation errors (EPIC-DG-02 problem JSON).,Tenant and scan fixtures exist; services healthy per test environment bootstrap.,"1. Arrange test data and configuration to match preconditions. | 2. Execute the operation or graph/API path under test. | 3. Assert post-conditions against DB rows, API responses, object store metadata, queue state, or traces. | 4. Execute negative path and assert stable error_code with no side effects.",Assertions pass; no secret material in logs; stable machine-readable error_code on failures; tenant isolation preserved for EPIC-DG-05.,Concurrent requests do not duplicate side effects; timeout/partial failures reach documented degraded or terminal states.,TC-DG-05-005-02,TC-DG-05-005-02.2,"pytest marker @pytest.mark.req(""AC-DG-05-005-02"") or Xray/TestRail key == AC-DG-05-005-02",Architecture_Design.md (see product spec)
AC-DG-05-005-03,US-DG-05-005,EPIC-DG-05,policy,compliance_engineer,3,L7,L10/L11,P1,Should,MVP,Functional,,,,,,unit+integration,1,,,Pack upload assigns monotonic `policy_version` string immutable after publish.,Verify AC-DG-05-005-03: Pack upload assigns monotonic `policy_version` string immutable after publish.,Tenant and scan fixtures exist; services healthy per test environment bootstrap.,"1. Arrange test data and configuration to match preconditions. | 2. Execute the operation or graph/API path under test. | 3. Assert post-conditions against DB rows, API responses, object store metadata, queue state, or traces.",Assertions pass; no secret material in logs; stable machine-readable error_code on failures; tenant isolation preserved for EPIC-DG-05.,Concurrent requests do not duplicate side effects; timeout/partial failures reach documented degraded or terminal states.,TC-DG-05-005-03,TC-DG-05-005-03.2,"pytest marker @pytest.mark.req(""AC-DG-05-005-03"") or Xray/TestRail key == AC-DG-05-005-03",Architecture_Design.md (see product spec)
AC-DG-05-006-01,US-DG-05-006,EPIC-DG-05,policy,compliance_engineer,5,L7,L10/L11,P1,Should,MVP,Functional,,,,,,unit+integration,1,,,PDF text extraction handles multi-column layouts where possible; OCR path documented for scanned PDFs (quality warning).,Verify AC-DG-05-006-01: PDF text extraction handles multi-column layouts where possible; OCR path documented for scanned PDFs (quality warning).,Tenant and scan fixtures exist; services healthy per test environment bootstrap.,"1. Arrange test data and configuration to match preconditions. | 2. Execute the operation or graph/API path under test. | 3. Assert post-conditions against DB rows, API responses, object store metadata, queue state, or traces.",Assertions pass; no secret material in logs; stable machine-readable error_code on failures; tenant isolation preserved for EPIC-DG-05.,Concurrent requests do not duplicate side effects; timeout/partial failures reach documented degraded or terminal states.,TC-DG-05-006-01,TC-DG-05-006-01.2,"pytest marker @pytest.mark.req(""AC-DG-05-006-01"") or Xray/TestRail key == AC-DG-05-006-01",Architecture_Design.md (see product spec)
AC-DG-05-006-02,US-DG-05-006,EPIC-DG-05,policy,compliance_engineer,3,L7,L10/L11,P1,Should,MVP,Functional,,,,,,unit+integration,1,,,Each extracted control gets `scope_tags` and `layer_relevance` inferred with confidence; low confidence flagged for human review list.,Verify AC-DG-05-006-02: Each extracted control gets `scope_tags` and `layer_relevance` inferred with confidence; low confidence flagged for human review list.,Tenant and scan fixtures exist; services healthy per test environment bootstrap.,"1. Arrange test data and configuration to match preconditions. | 2. Execute the operation or graph/API path under test. | 3. Assert post-conditions against DB rows, API responses, object store metadata, queue state, or traces.",Assertions pass; no secret material in logs; stable machine-readable error_code on failures; tenant isolation preserved for EPIC-DG-05.,Concurrent requests do not duplicate side effects; timeout/partial failures reach documented degraded or terminal states.,TC-DG-05-006-02,TC-DG-05-006-02.2,"pytest marker @pytest.mark.req(""AC-DG-05-006-02"") or Xray/TestRail key == AC-DG-05-006-02",Architecture_Design.md (see product spec)
AC-DG-05-006-03,US-DG-05-006,EPIC-DG-05,policy,compliance_engineer,4,L7,L10/L11,P0,Must,Hardening,NFR,scan_cost,TBD,EPIC-DG-11,,,unit+integration,1,,,Token usage for parse attributed to tenant cost (EPIC-DG-11).,Verify AC-DG-05-006-03: Token usage for parse attributed to tenant cost (EPIC-DG-11).,Tenant and scan fixtures exist; services healthy per test environment bootstrap.,"1. Arrange test data and configuration to match preconditions. | 2. Execute the operation or graph/API path under test. | 3. Assert post-conditions against DB rows, API responses, object store metadata, queue state, or traces.",Assertions pass; no secret material in logs; stable machine-readable error_code on failures; tenant isolation preserved for EPIC-DG-05.,Concurrent requests do not duplicate side effects; timeout/partial failures reach documented degraded or terminal states.,TC-DG-05-006-03,TC-DG-05-006-03.2,"pytest marker @pytest.mark.req(""AC-DG-05-006-03"") or Xray/TestRail key == AC-DG-05-006-03",Architecture_Design.md (see product spec)
AC-DG-05-007-01,US-DG-05-007,EPIC-DG-05,policy,compliance_engineer,3,L7,L10/L11,P1,Should,MVP,Functional,,,,,,unit+integration,1,,,"After parse, batch embed policy chunks into `policy_chunks` with `policy_version` and `framework` (Architecture §12.1–12.2).","Verify AC-DG-05-007-01: After parse, batch embed policy chunks into `policy_chunks` with `policy_version` and `framework` (Architecture §12.1–12.2).",Tenant and scan fixtures exist; services healthy per test environment bootstrap.,"1. Arrange test data and configuration to match preconditions. | 2. Execute the operation or graph/API path under test. | 3. Assert post-conditions against DB rows, API responses, object store metadata, queue state, or traces.",Assertions pass; no secret material in logs; stable machine-readable error_code on failures; tenant isolation preserved for EPIC-DG-05.,Concurrent requests do not duplicate side effects; timeout/partial failures reach documented degraded or terminal states.,TC-DG-05-007-01,TC-DG-05-007-01.2,"pytest marker @pytest.mark.req(""AC-DG-05-007-01"") or Xray/TestRail key == AC-DG-05-007-01",Architecture §12.1–12.2
AC-DG-05-007-02,US-DG-05-007,EPIC-DG-05,policy,compliance_engineer,3,L7,L10/L11,P1,Should,MVP,Functional,,,,,,unit+integration,1,,,Re-embedding skipped when version unchanged and `force_reindex=false`.,Verify AC-DG-05-007-02: Re-embedding skipped when version unchanged and `force_reindex=false`.,Tenant and scan fixtures exist; services healthy per test environment bootstrap.,"1. Arrange test data and configuration to match preconditions. | 2. Execute the operation or graph/API path under test. | 3. Assert post-conditions against DB rows, API responses, object store metadata, queue state, or traces.",Assertions pass; no secret material in logs; stable machine-readable error_code on failures; tenant isolation preserved for EPIC-DG-05.,Concurrent requests do not duplicate side effects; timeout/partial failures reach documented degraded or terminal states.,TC-DG-05-007-02,TC-DG-05-007-02.2,"pytest marker @pytest.mark.req(""AC-DG-05-007-02"") or Xray/TestRail key == AC-DG-05-007-02",Architecture_Design.md (see product spec)
AC-DG-05-007-03,US-DG-05-007,EPIC-DG-05,policy,compliance_engineer,3,L7,L10/L11,P1,Should,MVP,Functional,,,EPIC-DG-10,,,unit+integration,1,,,Embedding model id stored on policy version metadata for reproducibility (EPIC-DG-10).,Verify AC-DG-05-007-03: Embedding model id stored on policy version metadata for reproducibility (EPIC-DG-10).,Tenant and scan fixtures exist; services healthy per test environment bootstrap.,"1. Arrange test data and configuration to match preconditions. | 2. Execute the operation or graph/API path under test. | 3. Assert post-conditions against DB rows, API responses, object store metadata, queue state, or traces.",Assertions pass; no secret material in logs; stable machine-readable error_code on failures; tenant isolation preserved for EPIC-DG-05.,Concurrent requests do not duplicate side effects; timeout/partial failures reach documented degraded or terminal states.,TC-DG-05-007-03,TC-DG-05-007-03.2,"pytest marker @pytest.mark.req(""AC-DG-05-007-03"") or Xray/TestRail key == AC-DG-05-007-03",Architecture_Design.md (see product spec)
AC-DG-05-008-01,US-DG-05-008,EPIC-DG-05,policy,compliance_engineer,3,L7,L10/L11,P1,Should,MVP,Functional,,,,,,unit+integration,1,,,`COMPLIANCE_FRAMEWORKS` loader reads from DB or packaged YAML list; adding row enables `policy_ids` selection (Architecture §16.1).,Verify AC-DG-05-008-01: `COMPLIANCE_FRAMEWORKS` loader reads from DB or packaged YAML list; adding row enables `policy_ids` selection (Architecture §16.1).,Tenant and scan fixtures exist; services healthy per test environment bootstrap.,"1. Arrange test data and configuration to match preconditions. | 2. Execute the operation or graph/API path under test. | 3. Assert post-conditions against DB rows, API responses, object store metadata, queue state, or traces.",Assertions pass; no secret material in logs; stable machine-readable error_code on failures; tenant isolation preserved for EPIC-DG-05.,Concurrent requests do not duplicate side effects; timeout/partial failures reach documented degraded or terminal states.,TC-DG-05-008-01,TC-DG-05-008-01.2,"pytest marker @pytest.mark.req(""AC-DG-05-008-01"") or Xray/TestRail key == AC-DG-05-008-01",Architecture §16.1
AC-DG-05-008-02,US-DG-05-008,EPIC-DG-05,policy,compliance_engineer,3,L7,L10/L11,P1,Should,MVP,Functional,,,,,,unit+integration,1,,,Unknown `policy_id` on `CreateScanRequest` rejected at validation with list of valid ids.,Verify AC-DG-05-008-02: Unknown `policy_id` on `CreateScanRequest` rejected at validation with list of valid ids.,Tenant and scan fixtures exist; services healthy per test environment bootstrap.,"1. Arrange test data and configuration to match preconditions. | 2. Execute the operation or graph/API path under test. | 3. Assert post-conditions against DB rows, API responses, object store metadata, queue state, or traces. | 4. Execute negative path and assert stable error_code with no side effects.",Assertions pass; no secret material in logs; stable machine-readable error_code on failures; tenant isolation preserved for EPIC-DG-05.,Concurrent requests do not duplicate side effects; timeout/partial failures reach documented degraded or terminal states.,TC-DG-05-008-02,TC-DG-05-008-02.2,"pytest marker @pytest.mark.req(""AC-DG-05-008-02"") or Xray/TestRail key == AC-DG-05-008-02",Architecture_Design.md (see product spec)
AC-DG-05-008-03,US-DG-05-008,EPIC-DG-05,policy,compliance_engineer,3,L7,L10/L11,P1,Should,MVP,Functional,,,,,,unit+integration,1,,,"Framework metadata includes jurisdiction tags (`EU`, `CN`, `SG`) for UI filtering (Business doc §15).","Verify AC-DG-05-008-03: Framework metadata includes jurisdiction tags (`EU`, `CN`, `SG`) for UI filtering (Business doc §15).",Tenant and scan fixtures exist; services healthy per test environment bootstrap.,"1. Arrange test data and configuration to match preconditions. | 2. Execute the operation or graph/API path under test. | 3. Assert post-conditions against DB rows, API responses, object store metadata, queue state, or traces.",Assertions pass; no secret material in logs; stable machine-readable error_code on failures; tenant isolation preserved for EPIC-DG-05.,Concurrent requests do not duplicate side effects; timeout/partial failures reach documented degraded or terminal states.,TC-DG-05-008-03,TC-DG-05-008-03.2,"pytest marker @pytest.mark.req(""AC-DG-05-008-03"") or Xray/TestRail key == AC-DG-05-008-03",Architecture_Design.md (see product spec)
AC-DG-05-009-01,US-DG-05-009,EPIC-DG-05,policy,compliance_engineer,3,L7,L10/L11,P1,Should,MVP,Functional,,,,,,unit+integration,1,,,`GET /v1/policies/{policy_id}/diff?from=&to=` returns added/removed/changed `control_id` list.,Verify AC-DG-05-009-01: `GET /v1/policies/{policy_id}/diff?from=&to=` returns added/removed/changed `control_id` list.,Tenant and scan fixtures exist; services healthy per test environment bootstrap.,"1. Arrange test data and configuration to match preconditions. | 2. Execute the operation or graph/API path under test. | 3. Assert post-conditions against DB rows, API responses, object store metadata, queue state, or traces.",Assertions pass; no secret material in logs; stable machine-readable error_code on failures; tenant isolation preserved for EPIC-DG-05.,Concurrent requests do not duplicate side effects; timeout/partial failures reach documented degraded or terminal states.,TC-DG-05-009-01,TC-DG-05-009-01.2,"pytest marker @pytest.mark.req(""AC-DG-05-009-01"") or Xray/TestRail key == AC-DG-05-009-01",Architecture_Design.md (see product spec)
AC-DG-05-009-02,US-DG-05-009,EPIC-DG-05,policy,compliance_engineer,3,L7,L10/L11,P1,Should,MVP,Functional,,,,,,unit+integration,1,,,Changed text highlights truncated to safe size; full text via signed URL if needed.,Verify AC-DG-05-009-02: Changed text highlights truncated to safe size; full text via signed URL if needed.,Tenant and scan fixtures exist; services healthy per test environment bootstrap.,"1. Arrange test data and configuration to match preconditions. | 2. Execute the operation or graph/API path under test. | 3. Assert post-conditions against DB rows, API responses, object store metadata, queue state, or traces.",Assertions pass; no secret material in logs; stable machine-readable error_code on failures; tenant isolation preserved for EPIC-DG-05.,Concurrent requests do not duplicate side effects; timeout/partial failures reach documented degraded or terminal states.,TC-DG-05-009-02,TC-DG-05-009-02.2,"pytest marker @pytest.mark.req(""AC-DG-05-009-02"") or Xray/TestRail key == AC-DG-05-009-02",Architecture_Design.md (see product spec)
AC-DG-05-009-03,US-DG-05-009,EPIC-DG-05,policy,compliance_engineer,3,L7,L10/L11,P0,Must,MVP,Functional,,,,,,unit+integration,1,,,Diff accessible to `admin` and `auditor`; not to unauthenticated callers.,Verify AC-DG-05-009-03: Diff accessible to `admin` and `auditor`; not to unauthenticated callers.,Tenant and scan fixtures exist; services healthy per test environment bootstrap.,"1. Arrange test data and configuration to match preconditions. | 2. Execute the operation or graph/API path under test. | 3. Assert post-conditions against DB rows, API responses, object store metadata, queue state, or traces.",Assertions pass; no secret material in logs; stable machine-readable error_code on failures; tenant isolation preserved for EPIC-DG-05.,Concurrent requests do not duplicate side effects; timeout/partial failures reach documented degraded or terminal states.,TC-DG-05-009-03,TC-DG-05-009-03.2,"pytest marker @pytest.mark.req(""AC-DG-05-009-03"") or Xray/TestRail key == AC-DG-05-009-03",Architecture_Design.md (see product spec)
AC-DG-05-010-01,US-DG-05-010,EPIC-DG-05,policy,compliance_engineer,3,L7,L10/L11,P1,Should,MVP,Functional,,,,,,unit+integration,1,,,`PolicyControl.test_procedures` non-empty for catalog controls ≥90% (NFR target; document exceptions).,Verify AC-DG-05-010-01: `PolicyControl.test_procedures` non-empty for catalog controls ≥90% (NFR target; document exceptions).,Tenant and scan fixtures exist; services healthy per test environment bootstrap.,"1. Arrange test data and configuration to match preconditions. | 2. Execute the operation or graph/API path under test. | 3. Assert post-conditions against DB rows, API responses, object store metadata, queue state, or traces.",Assertions pass; no secret material in logs; stable machine-readable error_code on failures; tenant isolation preserved for EPIC-DG-05.,Concurrent requests do not duplicate side effects; timeout/partial failures reach documented degraded or terminal states.,TC-DG-05-010-01,TC-DG-05-010-01.2,"pytest marker @pytest.mark.req(""AC-DG-05-010-01"") or Xray/TestRail key == AC-DG-05-010-01",Architecture_Design.md (see product spec)
AC-DG-05-010-02,US-DG-05-010,EPIC-DG-05,policy,compliance_engineer,3,L7,L10/L11,P1,Should,MVP,Functional,,,,,,unit+integration,1,,,Athena batching clusters by `scope_tags` using procedures hash in metadata (Architecture §31.3).,Verify AC-DG-05-010-02: Athena batching clusters by `scope_tags` using procedures hash in metadata (Architecture §31.3).,Tenant and scan fixtures exist; services healthy per test environment bootstrap.,"1. Arrange test data and configuration to match preconditions. | 2. Execute the operation or graph/API path under test. | 3. Assert post-conditions against DB rows, API responses, object store metadata, queue state, or traces.",Assertions pass; no secret material in logs; stable machine-readable error_code on failures; tenant isolation preserved for EPIC-DG-05.,Concurrent requests do not duplicate side effects; timeout/partial failures reach documented degraded or terminal states.,TC-DG-05-010-02,TC-DG-05-010-02.2,"pytest marker @pytest.mark.req(""AC-DG-05-010-02"") or Xray/TestRail key == AC-DG-05-010-02",Architecture §31.3
AC-DG-05-010-03,US-DG-05-010,EPIC-DG-05,policy,compliance_engineer,3,L7,L10/L11,P1,Should,MVP,Functional,,,EPIC-DG-10,,,unit+integration,1,,,Missing procedures downgrade control to “manual review recommended” banner in report (EPIC-DG-10).,Verify AC-DG-05-010-03: Missing procedures downgrade control to “manual review recommended” banner in report (EPIC-DG-10).,Tenant and scan fixtures exist; services healthy per test environment bootstrap.,"1. Arrange test data and configuration to match preconditions. | 2. Execute the operation or graph/API path under test. | 3. Assert post-conditions against DB rows, API responses, object store metadata, queue state, or traces. | 4. Execute negative path and assert stable error_code with no side effects.",Assertions pass; no secret material in logs; stable machine-readable error_code on failures; tenant isolation preserved for EPIC-DG-05.,Concurrent requests do not duplicate side effects; timeout/partial failures reach documented degraded or terminal states.,TC-DG-05-010-03,TC-DG-05-010-03.2,"pytest marker @pytest.mark.req(""AC-DG-05-010-03"") or Xray/TestRail key == AC-DG-05-010-03",Architecture_Design.md (see product spec)
AC-DG-06-001-01,US-DG-06-001,EPIC-DG-06,ingestion-codeintel,ml_platform_engineer,3,L8,L10,P1,Should,MVP,Functional,,,,,,unit+integration,1,,,GA languages from support matrix use tree-sitter path (Architecture §11.2–11.4).,Verify AC-DG-06-001-01: GA languages from support matrix use tree-sitter path (Architecture §11.2–11.4).,Tenant and scan fixtures exist; services healthy per test environment bootstrap.,"1. Arrange test data and configuration to match preconditions. | 2. Execute the operation or graph/API path under test. | 3. Assert post-conditions against DB rows, API responses, object store metadata, queue state, or traces.",Assertions pass; no secret material in logs; stable machine-readable error_code on failures; tenant isolation preserved for EPIC-DG-06.,Concurrent requests do not duplicate side effects; timeout/partial failures reach documented degraded or terminal states.,TC-DG-06-001-01,TC-DG-06-001-01.2,"pytest marker @pytest.mark.req(""AC-DG-06-001-01"") or Xray/TestRail key == AC-DG-06-001-01",Architecture §11.2–11.4
AC-DG-06-001-02,US-DG-06-001,EPIC-DG-06,ingestion-codeintel,ml_platform_engineer,3,L8,L10,P1,Should,MVP,Functional,,,,,,unit+integration,1,,,Chunker never splits mid-function/class for configured node types (Architecture §11.4).,Verify AC-DG-06-001-02: Chunker never splits mid-function/class for configured node types (Architecture §11.4).,Tenant and scan fixtures exist; services healthy per test environment bootstrap.,"1. Arrange test data and configuration to match preconditions. | 2. Execute the operation or graph/API path under test. | 3. Assert post-conditions against DB rows, API responses, object store metadata, queue state, or traces.",Assertions pass; no secret material in logs; stable machine-readable error_code on failures; tenant isolation preserved for EPIC-DG-06.,Concurrent requests do not duplicate side effects; timeout/partial failures reach documented degraded or terminal states.,TC-DG-06-001-02,TC-DG-06-001-02.2,"pytest marker @pytest.mark.req(""AC-DG-06-001-02"") or Xray/TestRail key == AC-DG-06-001-02",Architecture §11.4
AC-DG-06-001-03,US-DG-06-001,EPIC-DG-06,ingestion-codeintel,ml_platform_engineer,3,L8,L10,P1,Should,MVP,Functional,,,,,,unit+integration,1,,,`language_breakdown` populated in `ScanState` (Architecture §4.2).,Verify AC-DG-06-001-03: `language_breakdown` populated in `ScanState` (Architecture §4.2).,Tenant and scan fixtures exist; services healthy per test environment bootstrap.,"1. Arrange test data and configuration to match preconditions. | 2. Execute the operation or graph/API path under test. | 3. Assert post-conditions against DB rows, API responses, object store metadata, queue state, or traces.",Assertions pass; no secret material in logs; stable machine-readable error_code on failures; tenant isolation preserved for EPIC-DG-06.,Concurrent requests do not duplicate side effects; timeout/partial failures reach documented degraded or terminal states.,TC-DG-06-001-03,TC-DG-06-001-03.2,"pytest marker @pytest.mark.req(""AC-DG-06-001-03"") or Xray/TestRail key == AC-DG-06-001-03",Architecture §4.2
AC-DG-06-002-01,US-DG-06-002,EPIC-DG-06,ingestion-codeintel,ml_platform_engineer,3,L8,L10,P1,Should,MVP,Functional,,,,,,unit+integration,1,,,Graph includes external deps and vulnerable deps cross-ref hooks (Architecture §11.5–11.6).,Verify AC-DG-06-002-01: Graph includes external deps and vulnerable deps cross-ref hooks (Architecture §11.5–11.6).,Tenant and scan fixtures exist; services healthy per test environment bootstrap.,"1. Arrange test data and configuration to match preconditions. | 2. Execute the operation or graph/API path under test. | 3. Assert post-conditions against DB rows, API responses, object store metadata, queue state, or traces.",Assertions pass; no secret material in logs; stable machine-readable error_code on failures; tenant isolation preserved for EPIC-DG-06.,Concurrent requests do not duplicate side effects; timeout/partial failures reach documented degraded or terminal states.,TC-DG-06-002-01,TC-DG-06-002-01.2,"pytest marker @pytest.mark.req(""AC-DG-06-002-01"") or Xray/TestRail key == AC-DG-06-002-01",Architecture §11.5–11.6
AC-DG-06-002-02,US-DG-06-002,EPIC-DG-06,ingestion-codeintel,ml_platform_engineer,3,L8,L10,P1,Should,MVP,Functional,,,,,,unit+integration,1,,,"When exceeding `max_nodes` / `max_depth`, status `TRUNCATED` recorded and warning surfaces in report (Architecture §23.1 Q6).","Verify AC-DG-06-002-02: When exceeding `max_nodes` / `max_depth`, status `TRUNCATED` recorded and warning surfaces in report (Architecture §23.1 Q6).",Tenant and scan fixtures exist; services healthy per test environment bootstrap.,"1. Arrange test data and configuration to match preconditions. | 2. Execute the operation or graph/API path under test. | 3. Assert post-conditions against DB rows, API responses, object store metadata, queue state, or traces.",Assertions pass; no secret material in logs; stable machine-readable error_code on failures; tenant isolation preserved for EPIC-DG-06.,Concurrent requests do not duplicate side effects; timeout/partial failures reach documented degraded or terminal states.,TC-DG-06-002-02,TC-DG-06-002-02.2,"pytest marker @pytest.mark.req(""AC-DG-06-002-02"") or Xray/TestRail key == AC-DG-06-002-02",Architecture §23.1 Q6
AC-DG-06-003-01,US-DG-06-003,EPIC-DG-06,ingestion-codeintel,ml_platform_engineer,3,L8,L10,P1,Should,MVP,Functional,,,,,,unit+integration,1,,,Ensemble retriever weights documented default (0.3 BM25 / 0.7 vector) configurable within bounds (Architecture §12.3).,Verify AC-DG-06-003-01: Ensemble retriever weights documented default (0.3 BM25 / 0.7 vector) configurable within bounds (Architecture §12.3).,Tenant and scan fixtures exist; services healthy per test environment bootstrap.,"1. Arrange test data and configuration to match preconditions. | 2. Execute the operation or graph/API path under test. | 3. Assert post-conditions against DB rows, API responses, object store metadata, queue state, or traces.",Assertions pass; no secret material in logs; stable machine-readable error_code on failures; tenant isolation preserved for EPIC-DG-06.,Concurrent requests do not duplicate side effects; timeout/partial failures reach documented degraded or terminal states.,TC-DG-06-003-01,TC-DG-06-003-01.2,"pytest marker @pytest.mark.req(""AC-DG-06-003-01"") or Xray/TestRail key == AC-DG-06-003-01",Architecture §12.3
AC-DG-06-003-02,US-DG-06-003,EPIC-DG-06,ingestion-codeintel,ml_platform_engineer,3,L8,L10,P0,Must,MVP,Functional,,,,,,unit+integration,1,,,"`code_chunks` rows include `tenant_id`, `scan_id`, metadata JSON for file/line span (Architecture §12.1).","Verify AC-DG-06-003-02: `code_chunks` rows include `tenant_id`, `scan_id`, metadata JSON for file/line span (Architecture §12.1).",Tenant and scan fixtures exist; services healthy per test environment bootstrap.,"1. Arrange test data and configuration to match preconditions. | 2. Execute the operation or graph/API path under test. | 3. Assert post-conditions against DB rows, API responses, object store metadata, queue state, or traces.",Assertions pass; no secret material in logs; stable machine-readable error_code on failures; tenant isolation preserved for EPIC-DG-06.,Concurrent requests do not duplicate side effects; timeout/partial failures reach documented degraded or terminal states.,TC-DG-06-003-02,TC-DG-06-003-02.2,"pytest marker @pytest.mark.req(""AC-DG-06-003-02"") or Xray/TestRail key == AC-DG-06-003-02",Architecture §12.1
AC-DG-06-004-01,US-DG-06-004,EPIC-DG-06,ingestion-codeintel,ml_platform_engineer,3,L8,L10,P1,Should,MVP,Functional,,,,,,unit+integration,1,,,Strategies per size tier applied (Architecture §11.6).,Verify AC-DG-06-004-01: Strategies per size tier applied (Architecture §11.6).,Tenant and scan fixtures exist; services healthy per test environment bootstrap.,"1. Arrange test data and configuration to match preconditions. | 2. Execute the operation or graph/API path under test. | 3. Assert post-conditions against DB rows, API responses, object store metadata, queue state, or traces.",Assertions pass; no secret material in logs; stable machine-readable error_code on failures; tenant isolation preserved for EPIC-DG-06.,Concurrent requests do not duplicate side effects; timeout/partial failures reach documented degraded or terminal states.,TC-DG-06-004-01,TC-DG-06-004-01.2,"pytest marker @pytest.mark.req(""AC-DG-06-004-01"") or Xray/TestRail key == AC-DG-06-004-01",Architecture §11.6
AC-DG-06-004-02,US-DG-06-004,EPIC-DG-06,ingestion-codeintel,ml_platform_engineer,3,L8,L10,P1,Should,MVP,Functional,,,,,,unit+integration,1,,,"For >2M LOC, scan requires explicit sub-path scoping or async batch mode flag (Architecture §11.6).","Verify AC-DG-06-004-02: For >2M LOC, scan requires explicit sub-path scoping or async batch mode flag (Architecture §11.6).",Tenant and scan fixtures exist; services healthy per test environment bootstrap.,"1. Arrange test data and configuration to match preconditions. | 2. Execute the operation or graph/API path under test. | 3. Assert post-conditions against DB rows, API responses, object store metadata, queue state, or traces.",Assertions pass; no secret material in logs; stable machine-readable error_code on failures; tenant isolation preserved for EPIC-DG-06.,Concurrent requests do not duplicate side effects; timeout/partial failures reach documented degraded or terminal states.,TC-DG-06-004-02,TC-DG-06-004-02.2,"pytest marker @pytest.mark.req(""AC-DG-06-004-02"") or Xray/TestRail key == AC-DG-06-004-02",Architecture §11.6
AC-DG-06-005-01,US-DG-06-005,EPIC-DG-06,ingestion-codeintel,ml_platform_engineer,3,L8,L10,P0,Must,MVP,Functional,,,,,,unit+integration,1,,,Security pattern scanner outputs feed Athena context as structured signals (Architecture §11.3).,Verify AC-DG-06-005-01: Security pattern scanner outputs feed Athena context as structured signals (Architecture §11.3).,Tenant and scan fixtures exist; services healthy per test environment bootstrap.,"1. Arrange test data and configuration to match preconditions. | 2. Execute the operation or graph/API path under test. | 3. Assert post-conditions against DB rows, API responses, object store metadata, queue state, or traces.",Assertions pass; no secret material in logs; stable machine-readable error_code on failures; tenant isolation preserved for EPIC-DG-06.,Concurrent requests do not duplicate side effects; timeout/partial failures reach documented degraded or terminal states.,TC-DG-06-005-01,TC-DG-06-005-01.2,"pytest marker @pytest.mark.req(""AC-DG-06-005-01"") or Xray/TestRail key == AC-DG-06-005-01",Architecture §11.3
AC-DG-06-006-01,US-DG-06-006,EPIC-DG-06,ingestion-codeintel,ml_platform_engineer,3,L8,L10,P1,Should,MVP,Functional,,,,,,unit+integration,1,,,"Ignore file grammar documented; default excludes `node_modules/`, `.git/`, large `dist/` unless overridden.","Verify AC-DG-06-006-01: Ignore file grammar documented; default excludes `node_modules/`, `.git/`, large `dist/` unless overridden.",Tenant and scan fixtures exist; services healthy per test environment bootstrap.,"1. Arrange test data and configuration to match preconditions. | 2. Execute the operation or graph/API path under test. | 3. Assert post-conditions against DB rows, API responses, object store metadata, queue state, or traces.",Assertions pass; no secret material in logs; stable machine-readable error_code on failures; tenant isolation preserved for EPIC-DG-06.,Concurrent requests do not duplicate side effects; timeout/partial failures reach documented degraded or terminal states.,TC-DG-06-006-01,TC-DG-06-006-01.2,"pytest marker @pytest.mark.req(""AC-DG-06-006-01"") or Xray/TestRail key == AC-DG-06-006-01",Architecture_Design.md (see product spec)
AC-DG-06-006-02,US-DG-06-006,EPIC-DG-06,ingestion-codeintel,ml_platform_engineer,3,L8,L10,P1,Should,MVP,Functional,,,,,,unit+integration,1,,,Excluded path count and total bytes skipped recorded in `repo_metadata` / scan summary.,Verify AC-DG-06-006-02: Excluded path count and total bytes skipped recorded in `repo_metadata` / scan summary.,Tenant and scan fixtures exist; services healthy per test environment bootstrap.,"1. Arrange test data and configuration to match preconditions. | 2. Execute the operation or graph/API path under test. | 3. Assert post-conditions against DB rows, API responses, object store metadata, queue state, or traces.",Assertions pass; no secret material in logs; stable machine-readable error_code on failures; tenant isolation preserved for EPIC-DG-06.,Concurrent requests do not duplicate side effects; timeout/partial failures reach documented degraded or terminal states.,TC-DG-06-006-02,TC-DG-06-006-02.2,"pytest marker @pytest.mark.req(""AC-DG-06-006-02"") or Xray/TestRail key == AC-DG-06-006-02",Architecture_Design.md (see product spec)
AC-DG-06-006-03,US-DG-06-006,EPIC-DG-06,ingestion-codeintel,ml_platform_engineer,3,L8,L10,P1,Should,MVP,Functional,,,,,,unit+integration,1,,,Explicit `include_paths` in job config overrides ignore for emergency audits (admin only).,Verify AC-DG-06-006-03: Explicit `include_paths` in job config overrides ignore for emergency audits (admin only).,Tenant and scan fixtures exist; services healthy per test environment bootstrap.,"1. Arrange test data and configuration to match preconditions. | 2. Execute the operation or graph/API path under test. | 3. Assert post-conditions against DB rows, API responses, object store metadata, queue state, or traces.",Assertions pass; no secret material in logs; stable machine-readable error_code on failures; tenant isolation preserved for EPIC-DG-06.,Concurrent requests do not duplicate side effects; timeout/partial failures reach documented degraded or terminal states.,TC-DG-06-006-03,TC-DG-06-006-03.2,"pytest marker @pytest.mark.req(""AC-DG-06-006-03"") or Xray/TestRail key == AC-DG-06-006-03",Architecture_Design.md (see product spec)
AC-DG-06-007-01,US-DG-06-007,EPIC-DG-06,ingestion-codeintel,ml_platform_engineer,3,L8,L10,P1,Should,MVP,Functional,,,,,,unit+integration,1,,,Cache key and TTL 7d default; invalidation on embedding model version change (Architecture §9.4).,Verify AC-DG-06-007-01: Cache key and TTL 7d default; invalidation on embedding model version change (Architecture §9.4).,Tenant and scan fixtures exist; services healthy per test environment bootstrap.,"1. Arrange test data and configuration to match preconditions. | 2. Execute the operation or graph/API path under test. | 3. Assert post-conditions against DB rows, API responses, object store metadata, queue state, or traces. | 4. Execute negative path and assert stable error_code with no side effects.",Assertions pass; no secret material in logs; stable machine-readable error_code on failures; tenant isolation preserved for EPIC-DG-06.,Concurrent requests do not duplicate side effects; timeout/partial failures reach documented degraded or terminal states.,TC-DG-06-007-01,TC-DG-06-007-01.2,"pytest marker @pytest.mark.req(""AC-DG-06-007-01"") or Xray/TestRail key == AC-DG-06-007-01",Architecture §9.4
AC-DG-06-007-02,US-DG-06-007,EPIC-DG-06,ingestion-codeintel,ml_platform_engineer,4,L8,L10,P1,Should,Hardening,NFR,latency,TBD,EPIC-DG-11,,,unit+integration,1,,,Cache miss path records latency metric per batch (EPIC-DG-11).,Verify AC-DG-06-007-02: Cache miss path records latency metric per batch (EPIC-DG-11).,Tenant and scan fixtures exist; services healthy per test environment bootstrap.,"1. Arrange test data and configuration to match preconditions. | 2. Execute the operation or graph/API path under test. | 3. Assert post-conditions against DB rows, API responses, object store metadata, queue state, or traces.",Assertions pass; no secret material in logs; stable machine-readable error_code on failures; tenant isolation preserved for EPIC-DG-06.,Concurrent requests do not duplicate side effects; timeout/partial failures reach documented degraded or terminal states.,TC-DG-06-007-02,TC-DG-06-007-02.2,"pytest marker @pytest.mark.req(""AC-DG-06-007-02"") or Xray/TestRail key == AC-DG-06-007-02",Architecture_Design.md (see product spec)
AC-DG-06-007-03,US-DG-06-007,EPIC-DG-06,ingestion-codeintel,ml_platform_engineer,3,L8,L10,P0,Must,MVP,Functional,,,,,,unit+integration,1,,,Tenant flag can disable shared embedding cache for paranoid mode (document trade-off).,Verify AC-DG-06-007-03: Tenant flag can disable shared embedding cache for paranoid mode (document trade-off).,Tenant and scan fixtures exist; services healthy per test environment bootstrap.,"1. Arrange test data and configuration to match preconditions. | 2. Execute the operation or graph/API path under test. | 3. Assert post-conditions against DB rows, API responses, object store metadata, queue state, or traces.",Assertions pass; no secret material in logs; stable machine-readable error_code on failures; tenant isolation preserved for EPIC-DG-06.,Concurrent requests do not duplicate side effects; timeout/partial failures reach documented degraded or terminal states.,TC-DG-06-007-03,TC-DG-06-007-03.2,"pytest marker @pytest.mark.req(""AC-DG-06-007-03"") or Xray/TestRail key == AC-DG-06-007-03",Architecture_Design.md (see product spec)
AC-DG-06-008-01,US-DG-06-008,EPIC-DG-06,ingestion-codeintel,ml_platform_engineer,2,L8,L10,P2,Could,Post-MVP,Functional,,,,,,unit+integration,1,,,"When `DELTA_SKIP_ANALYSIS` / `delta_skip_analysis` true and fingerprint matches, behaviour matches MVP decision §23.1 Q7 (re-run Athena+Circe+Penelope on policy bump; optional skip analysis layers).","Verify AC-DG-06-008-01: When `DELTA_SKIP_ANALYSIS` / `delta_skip_analysis` true and fingerprint matches, behaviour matches MVP decision §23.1 Q7 (re-run Athena+Circe+Penelope on policy bump; optional skip analysis layers).",Tenant and scan fixtures exist; services healthy per test environment bootstrap.,"1. Arrange test data and configuration to match preconditions. | 2. Execute the operation or graph/API path under test. | 3. Assert post-conditions against DB rows, API responses, object store metadata, queue state, or traces.",Assertions pass; no secret material in logs; stable machine-readable error_code on failures; tenant isolation preserved for EPIC-DG-06.,Concurrent requests do not duplicate side effects; timeout/partial failures reach documented degraded or terminal states. Feature-disabled path yields explicit skip/no-op behaviour.,TC-DG-06-008-01,TC-DG-06-008-01.2,"pytest marker @pytest.mark.req(""AC-DG-06-008-01"") or Xray/TestRail key == AC-DG-06-008-01",Architecture_Design.md (see product spec)
AC-DG-06-008-02,US-DG-06-008,EPIC-DG-06,ingestion-codeintel,ml_platform_engineer,3,L8,L10,P1,Should,MVP,Functional,,,,,,unit+integration,1,,,Delta fingerprint includes `repo_commit_sha` + `policy_version` + `scan_layers` (Architecture §23.1 Q7).,Verify AC-DG-06-008-02: Delta fingerprint includes `repo_commit_sha` + `policy_version` + `scan_layers` (Architecture §23.1 Q7).,Tenant and scan fixtures exist; services healthy per test environment bootstrap.,"1. Arrange test data and configuration to match preconditions. | 2. Execute the operation or graph/API path under test. | 3. Assert post-conditions against DB rows, API responses, object store metadata, queue state, or traces.",Assertions pass; no secret material in logs; stable machine-readable error_code on failures; tenant isolation preserved for EPIC-DG-06.,Concurrent requests do not duplicate side effects; timeout/partial failures reach documented degraded or terminal states.,TC-DG-06-008-02,TC-DG-06-008-02.2,"pytest marker @pytest.mark.req(""AC-DG-06-008-02"") or Xray/TestRail key == AC-DG-06-008-02",Architecture §23.1 Q7
AC-DG-06-008-03,US-DG-06-008,EPIC-DG-06,ingestion-codeintel,ml_platform_engineer,3,L8,L10,P1,Should,MVP,Functional,,,,,,unit+integration,1,,,Carry-forward findings list references prior `scan_id` for audit trail.,Verify AC-DG-06-008-03: Carry-forward findings list references prior `scan_id` for audit trail.,Tenant and scan fixtures exist; services healthy per test environment bootstrap.,"1. Arrange test data and configuration to match preconditions. | 2. Execute the operation or graph/API path under test. | 3. Assert post-conditions against DB rows, API responses, object store metadata, queue state, or traces.",Assertions pass; no secret material in logs; stable machine-readable error_code on failures; tenant isolation preserved for EPIC-DG-06.,Concurrent requests do not duplicate side effects; timeout/partial failures reach documented degraded or terminal states.,TC-DG-06-008-03,TC-DG-06-008-03.2,"pytest marker @pytest.mark.req(""AC-DG-06-008-03"") or Xray/TestRail key == AC-DG-06-008-03",Architecture_Design.md (see product spec)
AC-DG-06-009-01,US-DG-06-009,EPIC-DG-06,ingestion-codeintel,ml_platform_engineer,3,L8,L10,P1,Should,MVP,Functional,,,,,,unit+integration,1,,,BM25 documents deleted or tombstoned when scan artefacts expire (align retention §14.2).,Verify AC-DG-06-009-01: BM25 documents deleted or tombstoned when scan artefacts expire (align retention §14.2).,Tenant and scan fixtures exist; services healthy per test environment bootstrap.,"1. Arrange test data and configuration to match preconditions. | 2. Execute the operation or graph/API path under test. | 3. Assert post-conditions against DB rows, API responses, object store metadata, queue state, or traces.",Assertions pass; no secret material in logs; stable machine-readable error_code on failures; tenant isolation preserved for EPIC-DG-06.,Concurrent requests do not duplicate side effects; timeout/partial failures reach documented degraded or terminal states.,TC-DG-06-009-01,TC-DG-06-009-01.2,"pytest marker @pytest.mark.req(""AC-DG-06-009-01"") or Xray/TestRail key == AC-DG-06-009-01",Architecture_Design.md (see product spec)
AC-DG-06-009-02,US-DG-06-009,EPIC-DG-06,ingestion-codeintel,ml_platform_engineer,3,L8,L10,P0,Must,MVP,Functional,,,,,,unit+integration,1,,,No cross-tenant BM25 query possible at API/SQL layer.,Verify AC-DG-06-009-02: No cross-tenant BM25 query possible at API/SQL layer.,Tenant and scan fixtures exist; services healthy per test environment bootstrap.,"1. Arrange test data and configuration to match preconditions. | 2. Execute the operation or graph/API path under test. | 3. Assert post-conditions against DB rows, API responses, object store metadata, queue state, or traces.",Assertions pass; no secret material in logs; stable machine-readable error_code on failures; tenant isolation preserved for EPIC-DG-06.,Concurrent requests do not duplicate side effects; timeout/partial failures reach documented degraded or terminal states.,TC-DG-06-009-02,TC-DG-06-009-02.2,"pytest marker @pytest.mark.req(""AC-DG-06-009-02"") or Xray/TestRail key == AC-DG-06-009-02",Architecture_Design.md (see product spec)
AC-DG-06-009-03,US-DG-06-009,EPIC-DG-06,ingestion-codeintel,ml_platform_engineer,3,L8,L10,P1,Should,MVP,Functional,,,,,,unit+integration,1,,,Reindex job idempotent if worker retries Argus node.,Verify AC-DG-06-009-03: Reindex job idempotent if worker retries Argus node.,Tenant and scan fixtures exist; services healthy per test environment bootstrap.,"1. Arrange test data and configuration to match preconditions. | 2. Execute the operation or graph/API path under test. | 3. Assert post-conditions against DB rows, API responses, object store metadata, queue state, or traces.",Assertions pass; no secret material in logs; stable machine-readable error_code on failures; tenant isolation preserved for EPIC-DG-06.,Concurrent requests do not duplicate side effects; timeout/partial failures reach documented degraded or terminal states.,TC-DG-06-009-03,TC-DG-06-009-03.2,"pytest marker @pytest.mark.req(""AC-DG-06-009-03"") or Xray/TestRail key == AC-DG-06-009-03",Architecture_Design.md (see product spec)
AC-DG-06-010-01,US-DG-06-010,EPIC-DG-06,ingestion-codeintel,ml_platform_engineer,3,L8,L10,P1,Should,MVP,Functional,,,,,,unit+integration,1,,,linguist-style heuristics + size cap classify binaries; list surfaced in report appendix.,Verify AC-DG-06-010-01: linguist-style heuristics + size cap classify binaries; list surfaced in report appendix.,Tenant and scan fixtures exist; services healthy per test environment bootstrap.,"1. Arrange test data and configuration to match preconditions. | 2. Execute the operation or graph/API path under test. | 3. Assert post-conditions against DB rows, API responses, object store metadata, queue state, or traces.",Assertions pass; no secret material in logs; stable machine-readable error_code on failures; tenant isolation preserved for EPIC-DG-06.,Concurrent requests do not duplicate side effects; timeout/partial failures reach documented degraded or terminal states.,TC-DG-06-010-01,TC-DG-06-010-01.2,"pytest marker @pytest.mark.req(""AC-DG-06-010-01"") or Xray/TestRail key == AC-DG-06-010-01",Architecture_Design.md (see product spec)
AC-DG-06-010-02,US-DG-06-010,EPIC-DG-06,ingestion-codeintel,ml_platform_engineer,3,L8,L10,P1,Should,MVP,Functional,,,,,,unit+integration,1,,,Misclassified text-as-binary override API for path glob (admin).,Verify AC-DG-06-010-02: Misclassified text-as-binary override API for path glob (admin).,Tenant and scan fixtures exist; services healthy per test environment bootstrap.,"1. Arrange test data and configuration to match preconditions. | 2. Execute the operation or graph/API path under test. | 3. Assert post-conditions against DB rows, API responses, object store metadata, queue state, or traces.",Assertions pass; no secret material in logs; stable machine-readable error_code on failures; tenant isolation preserved for EPIC-DG-06.,Concurrent requests do not duplicate side effects; timeout/partial failures reach documented degraded or terminal states.,TC-DG-06-010-02,TC-DG-06-010-02.2,"pytest marker @pytest.mark.req(""AC-DG-06-010-02"") or Xray/TestRail key == AC-DG-06-010-02",Architecture_Design.md (see product spec)
AC-DG-06-010-03,US-DG-06-010,EPIC-DG-06,ingestion-codeintel,ml_platform_engineer,3,L8,L10,P1,Should,MVP,Functional,,,,,,unit+integration,1,,,Skipped files do not appear as false “missing coverage” without explicit control mapping (Athena prompt guidance).,Verify AC-DG-06-010-03: Skipped files do not appear as false “missing coverage” without explicit control mapping (Athena prompt guidance).,Tenant and scan fixtures exist; services healthy per test environment bootstrap.,"1. Arrange test data and configuration to match preconditions. | 2. Execute the operation or graph/API path under test. | 3. Assert post-conditions against DB rows, API responses, object store metadata, queue state, or traces. | 4. Execute negative path and assert stable error_code with no side effects.",Assertions pass; no secret material in logs; stable machine-readable error_code on failures; tenant isolation preserved for EPIC-DG-06.,Concurrent requests do not duplicate side effects; timeout/partial failures reach documented degraded or terminal states.,TC-DG-06-010-03,TC-DG-06-010-03.2,"pytest marker @pytest.mark.req(""AC-DG-06-010-03"") or Xray/TestRail key == AC-DG-06-010-03",Architecture_Design.md (see product spec)
AC-DG-06-011-01,US-DG-06-011,EPIC-DG-06,ingestion-codeintel,ml_platform_engineer,3,L8,L10,P1,Should,MVP,Functional,,,,,,unit+integration,1,,,"Lockfile parsers for npm, pip, go mod, Maven documented; graceful skip if absent (Architecture §11.5–11.6).","Verify AC-DG-06-011-01: Lockfile parsers for npm, pip, go mod, Maven documented; graceful skip if absent (Architecture §11.5–11.6).",Tenant and scan fixtures exist; services healthy per test environment bootstrap.,"1. Arrange test data and configuration to match preconditions. | 2. Execute the operation or graph/API path under test. | 3. Assert post-conditions against DB rows, API responses, object store metadata, queue state, or traces.",Assertions pass; no secret material in logs; stable machine-readable error_code on failures; tenant isolation preserved for EPIC-DG-06.,Concurrent requests do not duplicate side effects; timeout/partial failures reach documented degraded or terminal states.,TC-DG-06-011-01,TC-DG-06-011-01.2,"pytest marker @pytest.mark.req(""AC-DG-06-011-01"") or Xray/TestRail key == AC-DG-06-011-01",Architecture §11.5–11.6
AC-DG-06-011-02,US-DG-06-011,EPIC-DG-06,ingestion-codeintel,ml_platform_engineer,3,L8,L10,P1,Should,MVP,Functional,,,EPIC-DG-13,,,unit+integration,1,,,Advisory feed version pinned; air-gap mode uses bundled snapshot (EPIC-DG-13).,Verify AC-DG-06-011-02: Advisory feed version pinned; air-gap mode uses bundled snapshot (EPIC-DG-13).,Tenant and scan fixtures exist; services healthy per test environment bootstrap.,"1. Arrange test data and configuration to match preconditions. | 2. Execute the operation or graph/API path under test. | 3. Assert post-conditions against DB rows, API responses, object store metadata, queue state, or traces.",Assertions pass; no secret material in logs; stable machine-readable error_code on failures; tenant isolation preserved for EPIC-DG-06.,Concurrent requests do not duplicate side effects; timeout/partial failures reach documented degraded or terminal states.,TC-DG-06-011-02,TC-DG-06-011-02.2,"pytest marker @pytest.mark.req(""AC-DG-06-011-02"") or Xray/TestRail key == AC-DG-06-011-02",Architecture_Design.md (see product spec)
AC-DG-06-011-03,US-DG-06-011,EPIC-DG-06,ingestion-codeintel,ml_platform_engineer,3,L8,L10,P1,Should,MVP,Functional,,,,,,unit+integration,1,,,Each vulnerable dep links to dependency graph node ids for evidence (Architecture §11.5).,Verify AC-DG-06-011-03: Each vulnerable dep links to dependency graph node ids for evidence (Architecture §11.5).,Tenant and scan fixtures exist; services healthy per test environment bootstrap.,"1. Arrange test data and configuration to match preconditions. | 2. Execute the operation or graph/API path under test. | 3. Assert post-conditions against DB rows, API responses, object store metadata, queue state, or traces.",Assertions pass; no secret material in logs; stable machine-readable error_code on failures; tenant isolation preserved for EPIC-DG-06.,Concurrent requests do not duplicate side effects; timeout/partial failures reach documented degraded or terminal states.,TC-DG-06-011-03,TC-DG-06-011-03.2,"pytest marker @pytest.mark.req(""AC-DG-06-011-03"") or Xray/TestRail key == AC-DG-06-011-03",Architecture §11.5
AC-DG-06-012-01,US-DG-06-012,EPIC-DG-06,ingestion-codeintel,ml_platform_engineer,3,L8,L10,P1,Should,MVP,Functional,,,,,,unit+integration,1,,,Index creation runs in migration or async job; documented for `lists` / M values (Architecture §12.1).,Verify AC-DG-06-012-01: Index creation runs in migration or async job; documented for `lists` / M values (Architecture §12.1).,Tenant and scan fixtures exist; services healthy per test environment bootstrap.,"1. Arrange test data and configuration to match preconditions. | 2. Execute the operation or graph/API path under test. | 3. Assert post-conditions against DB rows, API responses, object store metadata, queue state, or traces.",Assertions pass; no secret material in logs; stable machine-readable error_code on failures; tenant isolation preserved for EPIC-DG-06.,Concurrent requests do not duplicate side effects; timeout/partial failures reach documented degraded or terminal states.,TC-DG-06-012-01,TC-DG-06-012-01.2,"pytest marker @pytest.mark.req(""AC-DG-06-012-01"") or Xray/TestRail key == AC-DG-06-012-01",Architecture §12.1
AC-DG-06-012-02,US-DG-06-012,EPIC-DG-06,ingestion-codeintel,ml_platform_engineer,3,L8,L10,P1,Should,MVP,Functional,,,,,,unit+integration,1,,,Vacuum/reindex playbook linked from ops doc (Architecture §35.3).,Verify AC-DG-06-012-02: Vacuum/reindex playbook linked from ops doc (Architecture §35.3).,Tenant and scan fixtures exist; services healthy per test environment bootstrap.,"1. Arrange test data and configuration to match preconditions. | 2. Execute the operation or graph/API path under test. | 3. Assert post-conditions against DB rows, API responses, object store metadata, queue state, or traces.",Assertions pass; no secret material in logs; stable machine-readable error_code on failures; tenant isolation preserved for EPIC-DG-06.,Concurrent requests do not duplicate side effects; timeout/partial failures reach documented degraded or terminal states.,TC-DG-06-012-02,TC-DG-06-012-02.2,"pytest marker @pytest.mark.req(""AC-DG-06-012-02"") or Xray/TestRail key == AC-DG-06-012-02",Architecture §35.3
AC-DG-06-012-03,US-DG-06-012,EPIC-DG-06,ingestion-codeintel,ml_platform_engineer,3,L8,L10,P1,Should,MVP,Functional,,,,,,unit+integration,1,,,Embedding dimension mismatch fails fast at index time with `error_code`.,Verify AC-DG-06-012-03: Embedding dimension mismatch fails fast at index time with `error_code`.,Tenant and scan fixtures exist; services healthy per test environment bootstrap.,"1. Arrange test data and configuration to match preconditions. | 2. Execute the operation or graph/API path under test. | 3. Assert post-conditions against DB rows, API responses, object store metadata, queue state, or traces.",Assertions pass; no secret material in logs; stable machine-readable error_code on failures; tenant isolation preserved for EPIC-DG-06.,Concurrent requests do not duplicate side effects; timeout/partial failures reach documented degraded or terminal states.,TC-DG-06-012-03,TC-DG-06-012-03.2,"pytest marker @pytest.mark.req(""AC-DG-06-012-03"") or Xray/TestRail key == AC-DG-06-012-03",Architecture_Design.md (see product spec)
AC-DG-08-001-01,US-DG-08-001,EPIC-DG-08,compliance-engine,applied_ml_engineer,3,L10,L11/L12,P1,Should,MVP,Functional,,,,,,unit+integration,1,,,"Findings include `control_id`, `severity`, `evidence_refs`, `reasoning_summary`, `confidence_score`, `status` (Architecture §3.1, §29.1).","Verify AC-DG-08-001-01: Findings include `control_id`, `severity`, `evidence_refs`, `reasoning_summary`, `confidence_score`, `status` (Architecture §3.1, §29.1).",Tenant and scan fixtures exist; services healthy per test environment bootstrap.,"1. Arrange test data and configuration to match preconditions. | 2. Execute the operation or graph/API path under test. | 3. Assert post-conditions against DB rows, API responses, object store metadata, queue state, or traces.",Assertions pass; no secret material in logs; stable machine-readable error_code on failures; tenant isolation preserved for EPIC-DG-08.,Concurrent requests do not duplicate side effects; timeout/partial failures reach documented degraded or terminal states.,TC-DG-08-001-01,TC-DG-08-001-01.2,"pytest marker @pytest.mark.req(""AC-DG-08-001-01"") or Xray/TestRail key == AC-DG-08-001-01","Architecture §3.1, §29.1"
AC-DG-08-001-02,US-DG-08-001,EPIC-DG-08,compliance-engine,applied_ml_engineer,3,L10,L11/L12,P1,Should,MVP,Functional,,,,,,unit+integration,1,,,Low confidence after max iterations marks `UNCERTAIN` + `should_escalate` behaviours per thresholds (Architecture §3.2).,Verify AC-DG-08-001-02: Low confidence after max iterations marks `UNCERTAIN` + `should_escalate` behaviours per thresholds (Architecture §3.2).,Tenant and scan fixtures exist; services healthy per test environment bootstrap.,"1. Arrange test data and configuration to match preconditions. | 2. Execute the operation or graph/API path under test. | 3. Assert post-conditions against DB rows, API responses, object store metadata, queue state, or traces.",Assertions pass; no secret material in logs; stable machine-readable error_code on failures; tenant isolation preserved for EPIC-DG-08.,Concurrent requests do not duplicate side effects; timeout/partial failures reach documented degraded or terminal states.,TC-DG-08-001-02,TC-DG-08-001-02.2,"pytest marker @pytest.mark.req(""AC-DG-08-001-02"") or Xray/TestRail key == AC-DG-08-001-02",Architecture §3.2
AC-DG-08-002-01,US-DG-08-002,EPIC-DG-08,compliance-engine,applied_ml_engineer,3,L10,L11/L12,P1,Should,MVP,Functional,,,,,,unit+integration,1,,,"Two-pass Athena emits separate trace spans `athena_generator_pass`, `athena_critic_pass` (Architecture §3.3, §23.1 Q5).","Verify AC-DG-08-002-01: Two-pass Athena emits separate trace spans `athena_generator_pass`, `athena_critic_pass` (Architecture §3.3, §23.1 Q5).",Tenant and scan fixtures exist; services healthy per test environment bootstrap.,"1. Arrange test data and configuration to match preconditions. | 2. Execute the operation or graph/API path under test. | 3. Assert post-conditions against DB rows, API responses, object store metadata, queue state, or traces.",Assertions pass; no secret material in logs; stable machine-readable error_code on failures; tenant isolation preserved for EPIC-DG-08.,Concurrent requests do not duplicate side effects; timeout/partial failures reach documented degraded or terminal states.,TC-DG-08-002-01,TC-DG-08-002-01.2,"pytest marker @pytest.mark.req(""AC-DG-08-002-01"") or Xray/TestRail key == AC-DG-08-002-01","Architecture §3.3, §23.1 Q5"
AC-DG-08-002-02,US-DG-08-002,EPIC-DG-08,compliance-engine,applied_ml_engineer,3,L10,L11/L12,P1,Should,MVP,Functional,,,,,,unit+integration,1,,,Disagreements resolve to `UNCERTAIN` per reconcile rules (Architecture §3.3).,Verify AC-DG-08-002-02: Disagreements resolve to `UNCERTAIN` per reconcile rules (Architecture §3.3).,Tenant and scan fixtures exist; services healthy per test environment bootstrap.,"1. Arrange test data and configuration to match preconditions. | 2. Execute the operation or graph/API path under test. | 3. Assert post-conditions against DB rows, API responses, object store metadata, queue state, or traces.",Assertions pass; no secret material in logs; stable machine-readable error_code on failures; tenant isolation preserved for EPIC-DG-08.,Concurrent requests do not duplicate side effects; timeout/partial failures reach documented degraded or terminal states.,TC-DG-08-002-02,TC-DG-08-002-02.2,"pytest marker @pytest.mark.req(""AC-DG-08-002-02"") or Xray/TestRail key == AC-DG-08-002-02",Architecture §3.3
AC-DG-08-003-01,US-DG-08-003,EPIC-DG-08,compliance-engine,applied_ml_engineer,3,L10,L11/L12,P1,Should,MVP,Functional,,,,,,unit+integration,1,,,"`cross_layer_findings` list includes mapped frameworks + composite severity rationale (Architecture §3.4, §4.2).","Verify AC-DG-08-003-01: `cross_layer_findings` list includes mapped frameworks + composite severity rationale (Architecture §3.4, §4.2).",Tenant and scan fixtures exist; services healthy per test environment bootstrap.,"1. Arrange test data and configuration to match preconditions. | 2. Execute the operation or graph/API path under test. | 3. Assert post-conditions against DB rows, API responses, object store metadata, queue state, or traces.",Assertions pass; no secret material in logs; stable machine-readable error_code on failures; tenant isolation preserved for EPIC-DG-08.,Concurrent requests do not duplicate side effects; timeout/partial failures reach documented degraded or terminal states.,TC-DG-08-003-01,TC-DG-08-003-01.2,"pytest marker @pytest.mark.req(""AC-DG-08-003-01"") or Xray/TestRail key == AC-DG-08-003-01","Architecture §3.4, §4.2"
AC-DG-08-003-02,US-DG-08-003,EPIC-DG-08,compliance-engine,applied_ml_engineer,5,L10,L11/L12,P1,Should,MVP,Functional,,,,,,unit+integration,1,,,Executive report section highlights top cross-layer items (Architecture §18.1 item 7).,Verify AC-DG-08-003-02: Executive report section highlights top cross-layer items (Architecture §18.1 item 7).,Tenant and scan fixtures exist; services healthy per test environment bootstrap.,"1. Arrange test data and configuration to match preconditions. | 2. Execute the operation or graph/API path under test. | 3. Assert post-conditions against DB rows, API responses, object store metadata, queue state, or traces.",Assertions pass; no secret material in logs; stable machine-readable error_code on failures; tenant isolation preserved for EPIC-DG-08.,Concurrent requests do not duplicate side effects; timeout/partial failures reach documented degraded or terminal states.,TC-DG-08-003-02,TC-DG-08-003-02.2,"pytest marker @pytest.mark.req(""AC-DG-08-003-02"") or Xray/TestRail key == AC-DG-08-003-02",Architecture §18.1 item 7
AC-DG-08-004-01,US-DG-08-004,EPIC-DG-08,compliance-engine,applied_ml_engineer,3,L10,L11/L12,P1,Should,MVP,Functional,,,,,,unit+integration,1,,,Batch size target 8–12 controls with clustering on `scope_tags` + embedding similarity (Architecture §31.3).,Verify AC-DG-08-004-01: Batch size target 8–12 controls with clustering on `scope_tags` + embedding similarity (Architecture §31.3).,Tenant and scan fixtures exist; services healthy per test environment bootstrap.,"1. Arrange test data and configuration to match preconditions. | 2. Execute the operation or graph/API path under test. | 3. Assert post-conditions against DB rows, API responses, object store metadata, queue state, or traces.",Assertions pass; no secret material in logs; stable machine-readable error_code on failures; tenant isolation preserved for EPIC-DG-08.,Concurrent requests do not duplicate side effects; timeout/partial failures reach documented degraded or terminal states.,TC-DG-08-004-01,TC-DG-08-004-01.2,"pytest marker @pytest.mark.req(""AC-DG-08-004-01"") or Xray/TestRail key == AC-DG-08-004-01",Architecture §31.3
AC-DG-08-004-02,US-DG-08-004,EPIC-DG-08,compliance-engine,applied_ml_engineer,3,L10,L11/L12,P1,Should,MVP,Functional,,,,,,unit+integration,1,,,Feature flag `ATHENA_PER_CONTROL_SEND` defaults off (Architecture §23.1 Q1).,Verify AC-DG-08-004-02: Feature flag `ATHENA_PER_CONTROL_SEND` defaults off (Architecture §23.1 Q1).,Tenant and scan fixtures exist; services healthy per test environment bootstrap.,"1. Arrange test data and configuration to match preconditions. | 2. Execute the operation or graph/API path under test. | 3. Assert post-conditions against DB rows, API responses, object store metadata, queue state, or traces.",Assertions pass; no secret material in logs; stable machine-readable error_code on failures; tenant isolation preserved for EPIC-DG-08.,Concurrent requests do not duplicate side effects; timeout/partial failures reach documented degraded or terminal states.,TC-DG-08-004-02,TC-DG-08-004-02.2,"pytest marker @pytest.mark.req(""AC-DG-08-004-02"") or Xray/TestRail key == AC-DG-08-004-02",Architecture §23.1 Q1
AC-DG-08-005-01,US-DG-08-005,EPIC-DG-08,compliance-engine,applied_ml_engineer,3,L10,L11/L12,P1,Should,MVP,Functional,,,,,,unit+integration,1,,,Evidence segments use boundary markers in prompts (Architecture §20.2).,Verify AC-DG-08-005-01: Evidence segments use boundary markers in prompts (Architecture §20.2).,Tenant and scan fixtures exist; services healthy per test environment bootstrap.,"1. Arrange test data and configuration to match preconditions. | 2. Execute the operation or graph/API path under test. | 3. Assert post-conditions against DB rows, API responses, object store metadata, queue state, or traces.",Assertions pass; no secret material in logs; stable machine-readable error_code on failures; tenant isolation preserved for EPIC-DG-08.,Concurrent requests do not duplicate side effects; timeout/partial failures reach documented degraded or terminal states.,TC-DG-08-005-01,TC-DG-08-005-01.2,"pytest marker @pytest.mark.req(""AC-DG-08-005-01"") or Xray/TestRail key == AC-DG-08-005-01",Architecture §20.2
AC-DG-08-005-02,US-DG-08-005,EPIC-DG-08,compliance-engine,applied_ml_engineer,3,L10,L11/L12,P1,Should,MVP,Functional,,,,,,unit+integration,1,,,"Outputs parsed strictly to Pydantic models; free-form discarded (Architecture §6.4, §20.2).","Verify AC-DG-08-005-02: Outputs parsed strictly to Pydantic models; free-form discarded (Architecture §6.4, §20.2).",Tenant and scan fixtures exist; services healthy per test environment bootstrap.,"1. Arrange test data and configuration to match preconditions. | 2. Execute the operation or graph/API path under test. | 3. Assert post-conditions against DB rows, API responses, object store metadata, queue state, or traces.",Assertions pass; no secret material in logs; stable machine-readable error_code on failures; tenant isolation preserved for EPIC-DG-08.,Concurrent requests do not duplicate side effects; timeout/partial failures reach documented degraded or terminal states.,TC-DG-08-005-02,TC-DG-08-005-02.2,"pytest marker @pytest.mark.req(""AC-DG-08-005-02"") or Xray/TestRail key == AC-DG-08-005-02","Architecture §6.4, §20.2"
AC-DG-08-006-01,US-DG-08-006,EPIC-DG-08,compliance-engine,applied_ml_engineer,3,L10,L11/L12,P1,Should,MVP,Functional,,,,,,unit+integration,1,,,`compliance_summary` persisted with per-framework pass/fail/partial/NA counts (Architecture §4.2).,Verify AC-DG-08-006-01: `compliance_summary` persisted with per-framework pass/fail/partial/NA counts (Architecture §4.2).,Tenant and scan fixtures exist; services healthy per test environment bootstrap.,"1. Arrange test data and configuration to match preconditions. | 2. Execute the operation or graph/API path under test. | 3. Assert post-conditions against DB rows, API responses, object store metadata, queue state, or traces.",Assertions pass; no secret material in logs; stable machine-readable error_code on failures; tenant isolation preserved for EPIC-DG-08.,Concurrent requests do not duplicate side effects; timeout/partial failures reach documented degraded or terminal states.,TC-DG-08-006-01,TC-DG-08-006-01.2,"pytest marker @pytest.mark.req(""AC-DG-08-006-01"") or Xray/TestRail key == AC-DG-08-006-01",Architecture §4.2
AC-DG-08-006-02,US-DG-08-006,EPIC-DG-08,compliance-engine,applied_ml_engineer,3,L10,L11/L12,P1,Should,MVP,Functional,,,,,,unit+integration,1,,,Scoring weights honour `severity_weight` on controls (Architecture §16.2).,Verify AC-DG-08-006-02: Scoring weights honour `severity_weight` on controls (Architecture §16.2).,Tenant and scan fixtures exist; services healthy per test environment bootstrap.,"1. Arrange test data and configuration to match preconditions. | 2. Execute the operation or graph/API path under test. | 3. Assert post-conditions against DB rows, API responses, object store metadata, queue state, or traces.",Assertions pass; no secret material in logs; stable machine-readable error_code on failures; tenant isolation preserved for EPIC-DG-08.,Concurrent requests do not duplicate side effects; timeout/partial failures reach documented degraded or terminal states.,TC-DG-08-006-02,TC-DG-08-006-02.2,"pytest marker @pytest.mark.req(""AC-DG-08-006-02"") or Xray/TestRail key == AC-DG-08-006-02",Architecture §16.2
AC-DG-08-006-03,US-DG-08-006,EPIC-DG-08,compliance-engine,applied_ml_engineer,2,L10,L11/L12,P2,Could,Post-MVP,Functional,,,,,,unit+integration,1,,,UNCERTAIN ratio >30% triggers report banner + optional webhook (Architecture §8.4).,Verify AC-DG-08-006-03: UNCERTAIN ratio >30% triggers report banner + optional webhook (Architecture §8.4).,Tenant and scan fixtures exist; services healthy per test environment bootstrap.,"1. Arrange test data and configuration to match preconditions. | 2. Execute the operation or graph/API path under test. | 3. Assert post-conditions against DB rows, API responses, object store metadata, queue state, or traces.",Assertions pass; no secret material in logs; stable machine-readable error_code on failures; tenant isolation preserved for EPIC-DG-08.,Concurrent requests do not duplicate side effects; timeout/partial failures reach documented degraded or terminal states. Feature-disabled path yields explicit skip/no-op behaviour.,TC-DG-08-006-03,TC-DG-08-006-03.2,"pytest marker @pytest.mark.req(""AC-DG-08-006-03"") or Xray/TestRail key == AC-DG-08-006-03",Architecture §8.4
AC-DG-08-007-01,US-DG-08-007,EPIC-DG-08,compliance-engine,applied_ml_engineer,3,L10,L11/L12,P0,Must,MVP,Functional,,,,,,unit+integration,1,,,"`job_config.locale` or tenant default selects `zh`, `en`, `bilingual` modes (product schema).","Verify AC-DG-08-007-01: `job_config.locale` or tenant default selects `zh`, `en`, `bilingual` modes (product schema).",Tenant and scan fixtures exist; services healthy per test environment bootstrap.,"1. Arrange test data and configuration to match preconditions. | 2. Execute the operation or graph/API path under test. | 3. Assert post-conditions against DB rows, API responses, object store metadata, queue state, or traces.",Assertions pass; no secret material in logs; stable machine-readable error_code on failures; tenant isolation preserved for EPIC-DG-08.,Concurrent requests do not duplicate side effects; timeout/partial failures reach documented degraded or terminal states.,TC-DG-08-007-01,TC-DG-08-007-01.2,"pytest marker @pytest.mark.req(""AC-DG-08-007-01"") or Xray/TestRail key == AC-DG-08-007-01",Architecture_Design.md (see product spec)
AC-DG-08-007-02,US-DG-08-007,EPIC-DG-08,compliance-engine,applied_ml_engineer,3,L10,L11/L12,P1,Should,MVP,Functional,,,EPIC-DG-10,,,unit+integration,1,,,Bilingual mode renders primary + secondary column in finding tables (EPIC-DG-10).,Verify AC-DG-08-007-02: Bilingual mode renders primary + secondary column in finding tables (EPIC-DG-10).,Tenant and scan fixtures exist; services healthy per test environment bootstrap.,"1. Arrange test data and configuration to match preconditions. | 2. Execute the operation or graph/API path under test. | 3. Assert post-conditions against DB rows, API responses, object store metadata, queue state, or traces.",Assertions pass; no secret material in logs; stable machine-readable error_code on failures; tenant isolation preserved for EPIC-DG-08.,Concurrent requests do not duplicate side effects; timeout/partial failures reach documented degraded or terminal states.,TC-DG-08-007-02,TC-DG-08-007-02.2,"pytest marker @pytest.mark.req(""AC-DG-08-007-02"") or Xray/TestRail key == AC-DG-08-007-02",Architecture_Design.md (see product spec)
AC-DG-08-007-03,US-DG-08-007,EPIC-DG-08,compliance-engine,applied_ml_engineer,3,L10,L11/L12,P1,Should,MVP,Functional,,,,,,unit+integration,1,,,LLM routing prefers Qwen/DeepSeek for Chinese narrative when deployment requires (Architecture §13.1; Business doc §12).,Verify AC-DG-08-007-03: LLM routing prefers Qwen/DeepSeek for Chinese narrative when deployment requires (Architecture §13.1; Business doc §12).,Tenant and scan fixtures exist; services healthy per test environment bootstrap.,"1. Arrange test data and configuration to match preconditions. | 2. Execute the operation or graph/API path under test. | 3. Assert post-conditions against DB rows, API responses, object store metadata, queue state, or traces.",Assertions pass; no secret material in logs; stable machine-readable error_code on failures; tenant isolation preserved for EPIC-DG-08.,Concurrent requests do not duplicate side effects; timeout/partial failures reach documented degraded or terminal states.,TC-DG-08-007-03,TC-DG-08-007-03.2,"pytest marker @pytest.mark.req(""AC-DG-08-007-03"") or Xray/TestRail key == AC-DG-08-007-03",Architecture §13.1; Business doc §12
AC-DG-08-008-01,US-DG-08-008,EPIC-DG-08,compliance-engine,applied_ml_engineer,3,L10,L11/L12,P1,Should,MVP,Functional,,,,,,unit+integration,1,,,Athena code path uses MMR with documented lambda; falls back to plain top-K if disabled by flag.,Verify AC-DG-08-008-01: Athena code path uses MMR with documented lambda; falls back to plain top-K if disabled by flag.,Tenant and scan fixtures exist; services healthy per test environment bootstrap.,"1. Arrange test data and configuration to match preconditions. | 2. Execute the operation or graph/API path under test. | 3. Assert post-conditions against DB rows, API responses, object store metadata, queue state, or traces.",Assertions pass; no secret material in logs; stable machine-readable error_code on failures; tenant isolation preserved for EPIC-DG-08.,Concurrent requests do not duplicate side effects; timeout/partial failures reach documented degraded or terminal states.,TC-DG-08-008-01,TC-DG-08-008-01.2,"pytest marker @pytest.mark.req(""AC-DG-08-008-01"") or Xray/TestRail key == AC-DG-08-008-01",Architecture_Design.md (see product spec)
AC-DG-08-008-02,US-DG-08-008,EPIC-DG-08,compliance-engine,applied_ml_engineer,3,L10,L11/L12,P1,Should,MVP,Functional,,,EPIC-DG-11,,,unit+integration,1,,,Retrieved chunk ids logged in reasoning trace redacted excerpt metadata only (EPIC-DG-11).,Verify AC-DG-08-008-02: Retrieved chunk ids logged in reasoning trace redacted excerpt metadata only (EPIC-DG-11).,Tenant and scan fixtures exist; services healthy per test environment bootstrap.,"1. Arrange test data and configuration to match preconditions. | 2. Execute the operation or graph/API path under test. | 3. Assert post-conditions against DB rows, API responses, object store metadata, queue state, or traces.",Assertions pass; no secret material in logs; stable machine-readable error_code on failures; tenant isolation preserved for EPIC-DG-08.,Concurrent requests do not duplicate side effects; timeout/partial failures reach documented degraded or terminal states.,TC-DG-08-008-02,TC-DG-08-008-02.2,"pytest marker @pytest.mark.req(""AC-DG-08-008-02"") or Xray/TestRail key == AC-DG-08-008-02",Architecture_Design.md (see product spec)
AC-DG-08-008-03,US-DG-08-008,EPIC-DG-08,compliance-engine,applied_ml_engineer,3,L10,L11/L12,P1,Should,MVP,Functional,,,,,,unit+integration,1,NIST,,Deterministic tie-break on chunk id ordering when scores tie (`temperature=0` path).,Verify AC-DG-08-008-03: Deterministic tie-break on chunk id ordering when scores tie (`temperature=0` path).,Tenant and scan fixtures exist; services healthy per test environment bootstrap.,"1. Arrange test data and configuration to match preconditions. | 2. Execute the operation or graph/API path under test. | 3. Assert post-conditions against DB rows, API responses, object store metadata, queue state, or traces.",Assertions pass; no secret material in logs; stable machine-readable error_code on failures; tenant isolation preserved for EPIC-DG-08.,Concurrent requests do not duplicate side effects; timeout/partial failures reach documented degraded or terminal states.,TC-DG-08-008-03,TC-DG-08-008-03.2,"pytest marker @pytest.mark.req(""AC-DG-08-008-03"") or Xray/TestRail key == AC-DG-08-008-03",Architecture_Design.md (see product spec)
AC-DG-08-009-01,US-DG-08-009,EPIC-DG-08,compliance-engine,applied_ml_engineer,3,L10,L11/L12,P1,Should,MVP,Functional,,,,,,unit+integration,1,,,Failed batch increments `error_log` and can retry batch only without re-running completed batches (Architecture §31.3–31.4).,Verify AC-DG-08-009-01: Failed batch increments `error_log` and can retry batch only without re-running completed batches (Architecture §31.3–31.4).,Tenant and scan fixtures exist; services healthy per test environment bootstrap.,"1. Arrange test data and configuration to match preconditions. | 2. Execute the operation or graph/API path under test. | 3. Assert post-conditions against DB rows, API responses, object store metadata, queue state, or traces.",Assertions pass; no secret material in logs; stable machine-readable error_code on failures; tenant isolation preserved for EPIC-DG-08.,Concurrent requests do not duplicate side effects; timeout/partial failures reach documented degraded or terminal states.,TC-DG-08-009-01,TC-DG-08-009-01.2,"pytest marker @pytest.mark.req(""AC-DG-08-009-01"") or Xray/TestRail key == AC-DG-08-009-01",Architecture §31.3–31.4
AC-DG-08-009-02,US-DG-08-009,EPIC-DG-08,compliance-engine,applied_ml_engineer,3,L10,L11/L12,P1,Should,MVP,Functional,,,,,,unit+integration,1,,,"After max batch retries, remaining controls marked `UNCERTAIN` with explicit reason code.","Verify AC-DG-08-009-02: After max batch retries, remaining controls marked `UNCERTAIN` with explicit reason code.",Tenant and scan fixtures exist; services healthy per test environment bootstrap.,"1. Arrange test data and configuration to match preconditions. | 2. Execute the operation or graph/API path under test. | 3. Assert post-conditions against DB rows, API responses, object store metadata, queue state, or traces.",Assertions pass; no secret material in logs; stable machine-readable error_code on failures; tenant isolation preserved for EPIC-DG-08.,Concurrent requests do not duplicate side effects; timeout/partial failures reach documented degraded or terminal states.,TC-DG-08-009-02,TC-DG-08-009-02.2,"pytest marker @pytest.mark.req(""AC-DG-08-009-02"") or Xray/TestRail key == AC-DG-08-009-02",Architecture_Design.md (see product spec)
AC-DG-08-009-03,US-DG-08-009,EPIC-DG-08,compliance-engine,applied_ml_engineer,3,L10,L11/L12,P1,Should,MVP,Functional,,,EPIC-DG-01,,,unit+integration,1,,,Checkpoint state after each successful batch is durable (EPIC-DG-01).,Verify AC-DG-08-009-03: Checkpoint state after each successful batch is durable (EPIC-DG-01).,Tenant and scan fixtures exist; services healthy per test environment bootstrap.,"1. Arrange test data and configuration to match preconditions. | 2. Execute the operation or graph/API path under test. | 3. Assert post-conditions against DB rows, API responses, object store metadata, queue state, or traces.",Assertions pass; no secret material in logs; stable machine-readable error_code on failures; tenant isolation preserved for EPIC-DG-08.,Concurrent requests do not duplicate side effects; timeout/partial failures reach documented degraded or terminal states.,TC-DG-08-009-03,TC-DG-08-009-03.2,"pytest marker @pytest.mark.req(""AC-DG-08-009-03"") or Xray/TestRail key == AC-DG-08-009-03",Architecture_Design.md (see product spec)
AC-DG-08-010-01,US-DG-08-010,EPIC-DG-08,compliance-engine,applied_ml_engineer,3,L10,L11/L12,P1,Should,MVP,Functional,,,,,,unit+integration,1,,,NA requires `na_reason` enum + short text; empty NA rejected by schema.,Verify AC-DG-08-010-01: NA requires `na_reason` enum + short text; empty NA rejected by schema.,Tenant and scan fixtures exist; services healthy per test environment bootstrap.,"1. Arrange test data and configuration to match preconditions. | 2. Execute the operation or graph/API path under test. | 3. Assert post-conditions against DB rows, API responses, object store metadata, queue state, or traces. | 4. Execute negative path and assert stable error_code with no side effects.",Assertions pass; no secret material in logs; stable machine-readable error_code on failures; tenant isolation preserved for EPIC-DG-08.,Concurrent requests do not duplicate side effects; timeout/partial failures reach documented degraded or terminal states.,TC-DG-08-010-01,TC-DG-08-010-01.2,"pytest marker @pytest.mark.req(""AC-DG-08-010-01"") or Xray/TestRail key == AC-DG-08-010-01",Architecture_Design.md (see product spec)
AC-DG-08-010-02,US-DG-08-010,EPIC-DG-08,compliance-engine,applied_ml_engineer,3,L10,L11/L12,P1,Should,MVP,Functional,,,,,,unit+integration,1,,,Layer relevance from `PolicyControl` respected — e.g. pure cloud control skips code-only evidence requirement (Architecture §16.2).,Verify AC-DG-08-010-02: Layer relevance from `PolicyControl` respected — e.g. pure cloud control skips code-only evidence requirement (Architecture §16.2).,Tenant and scan fixtures exist; services healthy per test environment bootstrap.,"1. Arrange test data and configuration to match preconditions. | 2. Execute the operation or graph/API path under test. | 3. Assert post-conditions against DB rows, API responses, object store metadata, queue state, or traces.",Assertions pass; no secret material in logs; stable machine-readable error_code on failures; tenant isolation preserved for EPIC-DG-08.,Concurrent requests do not duplicate side effects; timeout/partial failures reach documented degraded or terminal states.,TC-DG-08-010-02,TC-DG-08-010-02.2,"pytest marker @pytest.mark.req(""AC-DG-08-010-02"") or Xray/TestRail key == AC-DG-08-010-02",Architecture §16.2
AC-DG-08-010-03,US-DG-08-010,EPIC-DG-08,compliance-engine,applied_ml_engineer,3,L10,L11/L12,P1,Should,MVP,Functional,,,,,,unit+integration,1,,,NA rate anomalies (>40% in a framework) flagged for product review dataset (eval hook).,Verify AC-DG-08-010-03: NA rate anomalies (>40% in a framework) flagged for product review dataset (eval hook).,Tenant and scan fixtures exist; services healthy per test environment bootstrap.,"1. Arrange test data and configuration to match preconditions. | 2. Execute the operation or graph/API path under test. | 3. Assert post-conditions against DB rows, API responses, object store metadata, queue state, or traces.",Assertions pass; no secret material in logs; stable machine-readable error_code on failures; tenant isolation preserved for EPIC-DG-08.,Concurrent requests do not duplicate side effects; timeout/partial failures reach documented degraded or terminal states.,TC-DG-08-010-03,TC-DG-08-010-03.2,"pytest marker @pytest.mark.req(""AC-DG-08-010-03"") or Xray/TestRail key == AC-DG-08-010-03",Architecture_Design.md (see product spec)
AC-DG-08-011-01,US-DG-08-011,EPIC-DG-08,compliance-engine,applied_ml_engineer,3,L10,L11/L12,P1,Should,MVP,Functional,,,,,,unit+integration,1,,,"Finding schema includes machine-readable evidence grade (e.g. `direct_code_ref`, `config_only`, `heuristic`).","Verify AC-DG-08-011-01: Finding schema includes machine-readable evidence grade (e.g. `direct_code_ref`, `config_only`, `heuristic`).",Tenant and scan fixtures exist; services healthy per test environment bootstrap.,"1. Arrange test data and configuration to match preconditions. | 2. Execute the operation or graph/API path under test. | 3. Assert post-conditions against DB rows, API responses, object store metadata, queue state, or traces.",Assertions pass; no secret material in logs; stable machine-readable error_code on failures; tenant isolation preserved for EPIC-DG-08.,Concurrent requests do not duplicate side effects; timeout/partial failures reach documented degraded or terminal states.,TC-DG-08-011-01,TC-DG-08-011-01.2,"pytest marker @pytest.mark.req(""AC-DG-08-011-01"") or Xray/TestRail key == AC-DG-08-011-01",Architecture_Design.md (see product spec)
AC-DG-08-011-02,US-DG-08-011,EPIC-DG-08,compliance-engine,applied_ml_engineer,5,L10,L11/L12,P1,Should,MVP,Functional,,,,,,unit+integration,1,,,Cross-layer findings require ≥2 layers’ evidence refs or downgrade severity (Architecture §3.4 spirit).,Verify AC-DG-08-011-02: Cross-layer findings require ≥2 layers’ evidence refs or downgrade severity (Architecture §3.4 spirit).,Tenant and scan fixtures exist; services healthy per test environment bootstrap.,"1. Arrange test data and configuration to match preconditions. | 2. Execute the operation or graph/API path under test. | 3. Assert post-conditions against DB rows, API responses, object store metadata, queue state, or traces.",Assertions pass; no secret material in logs; stable machine-readable error_code on failures; tenant isolation preserved for EPIC-DG-08.,Concurrent requests do not duplicate side effects; timeout/partial failures reach documented degraded or terminal states.,TC-DG-08-011-02,TC-DG-08-011-02.2,"pytest marker @pytest.mark.req(""AC-DG-08-011-02"") or Xray/TestRail key == AC-DG-08-011-02",Architecture §3.4 spirit
AC-DG-08-011-03,US-DG-08-011,EPIC-DG-08,compliance-engine,applied_ml_engineer,3,L10,L11/L12,P1,Should,MVP,Functional,,,EPIC-DG-12,,,unit+integration,1,,,UI and API expose same field (EPIC-DG-12).,Verify AC-DG-08-011-03: UI and API expose same field (EPIC-DG-12).,Tenant and scan fixtures exist; services healthy per test environment bootstrap.,"1. Arrange test data and configuration to match preconditions. | 2. Execute the operation or graph/API path under test. | 3. Assert post-conditions against DB rows, API responses, object store metadata, queue state, or traces.",Assertions pass; no secret material in logs; stable machine-readable error_code on failures; tenant isolation preserved for EPIC-DG-08.,Concurrent requests do not duplicate side effects; timeout/partial failures reach documented degraded or terminal states.,TC-DG-08-011-03,TC-DG-08-011-03.2,"pytest marker @pytest.mark.req(""AC-DG-08-011-03"") or Xray/TestRail key == AC-DG-08-011-03",Architecture_Design.md (see product spec)
AC-DG-08-012-01,US-DG-08-012,EPIC-DG-08,compliance-engine,applied_ml_engineer,3,L10,L11/L12,P1,Should,MVP,Functional,,,,,,unit+integration,1,,,"On `ContextLengthError`, compactor reduces prior steps per §10.3 and retries bounded times.","Verify AC-DG-08-012-01: On `ContextLengthError`, compactor reduces prior steps per §10.3 and retries bounded times.",Tenant and scan fixtures exist; services healthy per test environment bootstrap.,"1. Arrange test data and configuration to match preconditions. | 2. Execute the operation or graph/API path under test. | 3. Assert post-conditions against DB rows, API responses, object store metadata, queue state, or traces.",Assertions pass; no secret material in logs; stable machine-readable error_code on failures; tenant isolation preserved for EPIC-DG-08.,Concurrent requests do not duplicate side effects; timeout/partial failures reach documented degraded or terminal states.,TC-DG-08-012-01,TC-DG-08-012-01.2,"pytest marker @pytest.mark.req(""AC-DG-08-012-01"") or Xray/TestRail key == AC-DG-08-012-01",Architecture_Design.md (see product spec)
AC-DG-08-012-02,US-DG-08-012,EPIC-DG-08,compliance-engine,applied_ml_engineer,3,L10,L11/L12,P1,Should,MVP,Functional,,,,,,unit+integration,1,,,Compaction events logged with before/after token counts (redacted trace).,Verify AC-DG-08-012-02: Compaction events logged with before/after token counts (redacted trace).,Tenant and scan fixtures exist; services healthy per test environment bootstrap.,"1. Arrange test data and configuration to match preconditions. | 2. Execute the operation or graph/API path under test. | 3. Assert post-conditions against DB rows, API responses, object store metadata, queue state, or traces.",Assertions pass; no secret material in logs; stable machine-readable error_code on failures; tenant isolation preserved for EPIC-DG-08.,Concurrent requests do not duplicate side effects; timeout/partial failures reach documented degraded or terminal states.,TC-DG-08-012-02,TC-DG-08-012-02.2,"pytest marker @pytest.mark.req(""AC-DG-08-012-02"") or Xray/TestRail key == AC-DG-08-012-02",Architecture_Design.md (see product spec)
AC-DG-08-012-03,US-DG-08-012,EPIC-DG-08,compliance-engine,applied_ml_engineer,3,L10,L11/L12,P1,Should,MVP,Functional,,,,,,unit+integration,1,,,"If still failing, control marked `UNCERTAIN` with `error_code=CONTEXT_LIMIT`.","Verify AC-DG-08-012-03: If still failing, control marked `UNCERTAIN` with `error_code=CONTEXT_LIMIT`.",Tenant and scan fixtures exist; services healthy per test environment bootstrap.,"1. Arrange test data and configuration to match preconditions. | 2. Execute the operation or graph/API path under test. | 3. Assert post-conditions against DB rows, API responses, object store metadata, queue state, or traces.",Assertions pass; no secret material in logs; stable machine-readable error_code on failures; tenant isolation preserved for EPIC-DG-08.,Concurrent requests do not duplicate side effects; timeout/partial failures reach documented degraded or terminal states.,TC-DG-08-012-03,TC-DG-08-012-03.2,"pytest marker @pytest.mark.req(""AC-DG-08-012-03"") or Xray/TestRail key == AC-DG-08-012-03",Architecture_Design.md (see product spec)
